,Unnamed: 0,address,location,AWB,names,product_id,latitude,longitude,shapes,len,breadth,height,vol
0,0,"6, Shakambari Nagar, 1st stage, JP Nagar, Bangalore",JP Nagar,62201852038,Vickie Ramos,SKU_144,77.586607,12.909694,cylindrical,26.90863946846082,26.90863946846082,15.26182488542742,19690.40028023195
1,1,"1, 24th Main Rd, 1st Phase, Girinagar, KR Layout, Muneshwara T-Block, JP Nagar, Bangalore",JP Nagar,73350066683,Jon Hall,SKU_31,77.582815,12.903422,circular,4.2779890597819845,4.2779890597819845,4.2779890597819845,327.9499870689729
2,2,"954, 2nd Floor, 24th Main, 2nd Phase, Opposite LIC Building, JP Nagar, Bangalore",JP Nagar,60104333056,Linda Kurland,SKU_113,77.586924,12.907441,prism,24.854543385794635,31.310621809938276,11.116611158648649,4325.535700493696
3,3,"1, 24th Main Rd, 1st Phase, Girinagar, KR Layout, Muneshwara T-Block, JP Nagar, Bangalore",JP Nagar,49726345575,Cora Massart,SKU_23,77.582815,12.903422,prism,27.925476109881068,3.939868987867361,8.249011294401454,453.7893188108198
4,4,"67, 15th Cross, 6th B Main, JP Nagar, Bangalore",JP Nagar,33178947349,George Rivas,SKU_144,77.601662,12.968365,circular,22.821492676757202,22.821492676757202,22.821492676757202,49787.549309464615
5,5,"281, 2nd Floor, 15th Cross, 5th Phase, JP Nagar, Bangalore",JP Nagar,76031744666,Anna Kelly,SKU_38,77.589649,12.900704,circular,35.57494580851781,35.57494580851781,35.57494580851781,188591.1682831941
6,6,"Cross Roads Inn, 827, Near RV Dental College Compound, 24th Main, 12th Cross, JP Nagar, Bangalore",JP Nagar,81926175607,Virginia Sauer,SKU_109,77.586607,12.909694,cylindrical,20.37110653193814,20.37110653193814,6.945283897065632,3087.055931739322
7,7,"21, 24th Main Road, 6th Phase, JP Nagar, Bangalore",JP Nagar,27632908686,Jesse Chan,SKU_141,77.586924,12.907441,circular,27.17840484357888,27.17840484357888,27.17840484357888,84093.12657867557
8,8,"99/4, Nataraja Layout, 7th Phase, JP Nagar, Bangalore",JP Nagar,66314622688,Johnny Runyan,SKU_134,77.583699,12.890017,cylindrical,11.196692824440298,11.196692824440298,16.22845470325351,9263.902417707786
9,9,"72, 2nd Floor, Next to Max & Crossword, 3rd Phase, Inner Ring Road, JP Nagar, Bangalore",JP Nagar,83288941747,Yvonne Haddad,SKU_58,77.586607,12.909694,cuboidal,21.0,22.0,9.0,4158.0
10,10,"Eden Park7, 8 Doresani Palya, Near Kalyani Magnum, Opposite Oracle, 5th Phase, JP Nagar, Bangalore",JP Nagar,36774055970,Frank Garcia,SKU_16,77.589649,12.900704,circular,18.43861004990358,18.43861004990358,18.43861004990358,26258.695582574597
11,11,"Amoolya, 1st Floor, 24th Main, 6th Phase, JP Nagar, Bangalore",JP Nagar,49180403091,Ronnie Cameron,SKU_9,77.586924,12.907441,circular,35.715635317074096,35.715635317074096,35.715635317074096,190837.51329165327
12,12,"47/1, 9th Main,1st Cross, Miniforest, Phase 3, JP Nagar, Bangalore",JP Nagar,65307617155,Teresa Ford,SKU_59,77.601662,12.968365,prism,35.839732471173356,39.793657494530194,8.713057172810684,6213.255099154704
13,13,"The HHI Select Bengaluru Hotel, 686, 15th Cross, Ring Road, 2nd Phase, JP Nagar, Bangalore",JP Nagar,32162999926,Miguel Evanoff,SKU_44,77.589957,12.916841,cylindrical,6.403993049793811,6.403993049793811,12.867801183781628,3331.2667409701903
14,14,"Quality Inn - Shravanthi, 60, 13th Cross, 2nd Main, 3rd Phase, JP Nagar, Bangalore",JP Nagar,67841310375,Brenda Berry,SKU_103,77.586607,12.909694,cylindrical,13.130574808108113,13.130574808108113,19.789179542515804,16154.338859057625
15,15,"5th Cross Road, Dollar Layout, 3rd Phase, JP Nagar, Bangalore",JP Nagar,98072567575,Brian Glass,SKU_45,77.601662,12.968365,cylindrical,10.507899341232216,10.507899341232216,4.200187923838709,582.3756664458471
16,16,"57, 15th Cross Road, Outer Ring Road, Phase 6, JP Nagar, Bangalore",JP Nagar,81028594970,Daniel Moore,SKU_92,77.586607,12.909694,prism,9.25009658551686,11.447578570351991,17.06550623835584,903.5435306287903
17,17,"97, Wilson Garden Housing Society, 7th Phase, JP Nagar, Bangalore",JP Nagar,72346908029,James Rego,SKU_13,77.603979,12.975771,prism,36.484502322701665,18.659625841038505,13.551634239189317,4612.889309370857
18,18,"44-45, Terrace Floor, 24th Main Road, 7th phase, JP Nagar, Bangalore",JP Nagar,73908465584,Mildred Richards,SKU_98,77.586924,12.907441,cuboidal,12.0,34.0,13.0,5304.0
19,19,"Amoolya, 1st Floor, 24th Main, 6th Phase, JP Nagar, Bangalore",JP Nagar,82980897770,Daren Devit,SKU_74,77.586924,12.907441,circular,18.93146992615914,18.93146992615914,18.93146992615914,28421.148052428438
20,20,"8, 15th Main, 5th Phase, JP Nagar, Bangalore",JP Nagar,72031214940,Sarah Kardashian,SKU_138,77.589649,12.900704,circular,38.30161192441427,38.30161192441427,38.30161192441427,235363.8525844917
21,21,"114, Kothanur Main Road, Santrupthi Nagar, 7th Phase, JP Nagar, Bangalore",JP Nagar,13346207178,Ryan Orlando,SKU_29,77.580426,12.890239,circular,14.337217161315527,14.337217161315527,14.337217161315527,12344.775591100792
22,22,"Site 15, 15th Cross, 100 Feet Road, 4th Phase, JP Nagar, Bangalore",JP Nagar,66193906105,Gerard Cardin,SKU_96,77.586607,12.909694,circular,24.175695560374624,24.175695560374624,24.175695560374624,59186.89314248166
23,23,"204, 4th Cross, KSRTC Layout, 2nd Phase, JP Nagar, Bangalore",JP Nagar,18834198685,Rebecca Vanos,SKU_56,77.592306,12.916587,circular,29.049209776064615,29.049209776064615,29.049209776064615,102681.35184215993
24,24,"18, K.R Layout, Dollar Colony, 4th Phase, JP Nagar",JP Nagar,77357637627,Willie Matson,SKU_100,77.582815,12.903422,circular,25.67205887247626,25.67205887247626,25.67205887247626,70871.35063069542
25,25,"Someshwara Bhavan, RBI Layout, 7th Phase, Kothnur Main Road, JP Nagar, Bangalore",JP Nagar,50570222462,Jason Taylor,SKU_95,77.601662,12.968365,cylindrical,5.154280064969976,5.154280064969976,11.726672563677752,2226.729604532305
26,26,"10/3, Shamanna Garden, 22nd Main Rd, Phase 5, JP Nagar, Bangalore",JP Nagar,86868052143,Mabel Covell,SKU_29,77.586607,12.909694,prism,20.193993703535167,37.48364607583952,14.829746753463832,5612.647715928367
27,27,"296, Ground Floor, 5th Phase, 100 ft Outer Ring Road, JP Nagar, Bangalore",JP Nagar,60270106051,Martha Braun,SKU_103,77.589649,12.900704,cuboidal,32.0,27.0,19.0,16416.0
28,28,"46/A, 1st Main, 3rd Phase, JP Nagar, Bangalore",JP Nagar,61686659900,James Riley,SKU_22,77.586607,12.909694,cuboidal,33.0,3.0,14.0,1386.0
29,29,"Brigade Millenium Inside Indian Music Experience Museum, JP Nagar, Bangalore, Bengaluru",JP Nagar,69289578038,Elijah Reno,SKU_51,77.582418,12.892014,prism,36.871350329106434,18.992931264566458,10.568585442064615,3700.563889615049
30,30,"81, 7th Main, 5th Cross, Bank of Baroda Colony, 7th Phase, JP Nagar, Bangalore",JP Nagar,71217404672,Lidia Wickham,SKU_58,77.556582,12.938293,cylindrical,30.112954090432385,30.112954090432385,12.605737696879412,15032.796093728957
31,31,"JP Nagar, Phase 7, Bangalore",JP Nagar,24549099395,Freda Beauchamp,SKU_40,77.601662,12.968365,prism,25.892145018414364,36.33737432315688,13.52781258220837,6363.838587217041
32,32,"724, 3rd Floor, RBI Layout, Rini Pearl, Opposite E.K. Retail, 7th Phase, JP Nagar, Bangalore",JP Nagar,50581824353,Tim Sokol,SKU_125,77.586607,12.909694,prism,29.856764000641984,36.84587608178762,13.051492483339771,7178.964477810811
33,33,"305, Anand NR Onyx, 15th Cross, 100 Feet Ring Road, 5th Phase Extension, JP Nagar, Bangalore",JP Nagar,52273090335,Antonio Oliver,SKU_7,77.586607,12.909694,cuboidal,31.0,16.0,19.0,9424.0
34,34,"104/1, 21st Main Road, 6th Cross Road, R K Colony, JP Nagar 2nd Phase, Bangalore",JP Nagar,60730226124,Richard Book,SKU_147,77.588039,12.911667,prism,5.120137982023178,36.52885018903544,7.742915754427883,724.0894260313185
35,35,"1260 SY 35/4 SJR Tower's, 24th Main Puttanhalli, 7th Phase, JP Nagar Bangalore",JP Nagar,38777880457,Karen Yuen,SKU_137,77.586924,12.907441,cuboidal,21.0,26.0,17.0,9282.0
36,36,"1260 SY 35/4 SJR Tower's, 24th Main Puttanhalli, JP Nagar 7th Phase, Bangalore",JP Nagar,14876577908,John Fridley,SKU_21,77.586924,12.907441,circular,7.10971605997733,7.10971605997733,7.10971605997733,1505.3773572037378
37,37,"1260, SY 35/4, SJR Towers, 24th Main Puttanhalli, 7th Phase, JP Nagar, Bangalore",JP Nagar,15743308603,Louise Lynch,SKU_15,77.586924,12.907441,prism,8.914348472665306,19.753062610870487,10.318269977838296,908.4498108734651
38,38,"1260 SY 35/4 SJR Tower's, JP Nagar 7th Phase, 24th Main Puttanhalli, JP Nagar, Bangalore",JP Nagar,96594637899,Sam Vest,SKU_83,77.586924,12.907441,prism,15.846751027319097,12.005557940902005,15.134183021300624,1439.6322559406353
39,39,"1260, SY 35/4, SJR Towers, 24th Main Puttanhalli, 7th Phase, JP Nagar, Bangalore",JP Nagar,75423501902,Doris Floyd,SKU_143,77.586924,12.907441,cylindrical,22.713920579869715,22.713920579869715,15.176811541754216,16436.26210479443
40,40,"5th A Cross, Lakshmi Complex, Manjunatha Colony, Near RV Dental College, 2nd phase, JP Nagar, Bangalore",JP Nagar,13385067871,Leticia Coleman,SKU_28,77.588039,12.911667,prism,14.746784599655598,32.33949006677037,16.39266524888781,3908.8596672175927
41,41,"#35/4, 24th main JP Nagar 7th phase, Puttenahalli, JP Nagar, Bangalore",JP Nagar,25281194232,Christine Pfeiff,SKU_117,77.580426,12.890239,cylindrical,18.22079452804908,18.22079452804908,5.1699873585722855,1530.016610603729
42,42,"99/2A, Kothnoor Main Road, Opposite RBI Layout Bus Stop, 7th Phase, JP Nagar, Bangalore",JP Nagar,60615787248,William Rivera,SKU_77,77.585345,12.916994,cylindrical,30.697677635459737,30.697677635459737,14.396319801558935,19987.494854223864
43,43,"77/1, 24th Main, 2nd Phase, JP Nagar, Bangalore",JP Nagar,85830764356,John Dutton,SKU_144,77.586924,12.907441,circular,39.21330735511807,39.21330735511807,39.21330735511807,252574.22525387807
44,44,"18th Cross road, 5th Phase, JP Nagar, Bangalore",JP Nagar,87207515803,Angela Cowman,SKU_59,77.589649,12.900704,prism,12.637837585260314,8.852241344700932,7.525760286283188,420.96539910450184
45,45,"1260, SY 35/4, SJR Tower's, 7th Phase, 24th Main Puttanhalli, JP Nagar, Bangalore",JP Nagar,62376246282,Edward Leon,SKU_123,77.586924,12.907441,cuboidal,31.0,4.0,14.0,1736.0
46,46,"1260 SY 35/4 SJR Tower's, JP Nagar 7th Phase, 24th Main Puttanhalli, JP Nagar, Bangalore",JP Nagar,34763837898,Michael Parenteau,SKU_141,77.586924,12.907441,prism,33.93806268879919,37.335496045160916,6.279721823013918,3978.500194384615
47,47,"Shop 1, 129, 24th Main, 5th Phase, JP Nagar, Bangalore",JP Nagar,95782788535,Daniel Tremper,SKU_91,77.5954025,12.9721545,circular,12.95845909770459,12.95845909770459,12.95845909770459,9114.832580939163
48,48,"311, 15th Cross, 5th Phase, JP Nagar, Bangalore",JP Nagar,92874070081,Thomas Lyons,SKU_18,77.589649,12.900704,circular,7.394437594406237,7.394437594406237,7.394437594406237,1693.5735154616361
49,49,"Big Bazzar Building, JP Nagar, Bangalore",JP Nagar,28090773455,Antoine Robertson,SKU_130,77.595911,12.972142,prism,6.606036626155497,23.71460679042793,12.327842287983291,965.6371806563235
50,50,"15, 7th Cross, Near Mother Teresa School, ITI Layout, Hosapalya Main Road, HSR, Bangalore",HSR,65216540873,Nathan Merkel,SKU_65,77.645589,12.90346,cylindrical,20.69452025569724,20.69452025569724,15.79554884518543,16220.889931898862
51,51,"119/19, Ground Floor, 10th Cross, Venkateshwara Layout, SG Palya, HSR, Bangalore",HSR,30262250302,Jenna Reed,SKU_136,77.79048,13.231166,cuboidal,25.0,17.0,10.0,4250.0
52,52,"1554, Ground Floor, 19th Main, Sector 1, HSR, Bangalore",HSR,95752660397,William Wilson,SKU_9,77.614718125,12.9347985,prism,26.541405776419683,9.191609165327941,11.86080729048873,1446.770768148493
53,53,"7th Cross, Sector 1, HSR, Bangalore",HSR,30449400919,Bonnie Heath,SKU_91,77.614718125,12.9347985,cylindrical,9.150674872903494,9.150674872903494,8.200759299282923,1933.3528718257985
54,54,"27th Main road, Sriven Teesta, Near Raymond?s Showroom HSR, Bangalore",HSR,52917061849,Katrina Hilderbrandt,SKU_8,77.585921,12.929901,circular,7.862645860952722,7.862645860952722,7.862645860952722,2036.079610401998
55,55,"2331, 17th Cross, 24th Main, HSR, Bangalore",HSR,41474085570,Terresa Breau,SKU_70,77.586924,12.907441,circular,4.563425386087882,4.563425386087882,4.563425386087882,398.07185387856947
56,56,"Shop 5, LNR Building, Harlur Road, HSR, Bangalore",HSR,74962568491,Carol Pettway,SKU_93,77.671707,12.917081,circular,5.534310485562791,5.534310485562791,5.534310485562791,710.0340402790151
57,57,"64&65, 27th Main Road, Sector 1, HSR Layout",HSR,33783112676,Glennie Delacruz,SKU_106,77.652492,12.91763,cylindrical,33.51618659495743,33.51618659495743,7.443032932100906,5833.166237351182
58,58,"27th Main, Near NIFT, Sector-1, HSR, Bangalore",HSR,40837739535,Margie Galvan,SKU_76,77.5913,12.97912,cuboidal,17.0,20.0,18.0,6120.0
59,59,"2318, 27th Main Road, 1st Sector, HSR, Bangalore",HSR,42498449819,Kenneth Baker,SKU_82,-122.87043,47.019388,circular,24.489556327860047,24.489556327860047,24.489556327860047,61522.1296831505
60,60,"569/4, Sector 1, HSR, Bangalore",HSR,14699928469,Lucille Keirstead,SKU_123,77.614718125,12.9347985,cylindrical,19.00046034067152,19.00046034067152,3.438123697702826,705.5974317750188
61,61,"1554, Ground Floor, 19th Main, Sector - 1, HSR, Bangalore",HSR,54163870135,Tara Allen,SKU_47,77.614718125,12.9347985,cuboidal,10.0,3.0,8.0,240.0
62,62,"2733, 16th Cross, 27th Main, Opposite NIFT, Sector 1, HSR Layout, Bangalore, HSR, Bangalore",HSR,98967476662,Marshall Quinton,SKU_142,77.651736,12.912432,cuboidal,34.0,7.0,3.0,714.0
63,63,"543, 7th Cross, 24th Main, Opposite Nous Info Systems, Sector 1, HSR, Bangalore",HSR,94332983235,Gustavo Bailey,SKU_117,77.614718125,12.9347985,circular,9.224434872755662,9.224434872755662,9.224434872755662,3287.819115845515
64,64,"13th Cross, 24th Main, Opposite Assetz Apartment, 1st Sector, HSR, Bangalore",HSR,21104565365,Kathleen Cantrell,SKU_76,77.586924,12.907441,circular,22.679224565185386,22.679224565185386,22.679224565185386,48862.22208469164
65,65,"7th Cross Road, Agara Village, 1st Sector, HSR, Bangalore",HSR,78472305957,Donald Allen,SKU_139,77.639943,12.918452,prism,9.50495320313621,33.781381580373974,3.710516794996378,595.7057556832127
66,66,"680-669, 13th Cross Rd, 1st Sector, HSR Layout, Bengaluru, Karnataka",HSR,11910424508,Nanette Mcbride,SKU_89,77.638862,12.911623,circular,8.433319715088999,8.433319715088999,8.433319715088999,2512.374083417191
67,67,"2724, 31st Main, 17th Cross, HSR, Bangalore",HSR,89394948450,David Webber,SKU_42,-122.554978,37.962424,cuboidal,37.0,31.0,4.0,4588.0
68,68,"1543, 7th Cross, 19th Main, 1st Sector, HSR, Bangalore",HSR,87898682349,Brian Isom,SKU_81,-85.74716,38.27708,cylindrical,5.005473833166249,5.005473833166249,11.187799092761377,1968.2686977088267
69,69,"1214, 17th Cross Road, Parangi Palaya, Sector 2, HSR Layout, Bangalore",HSR,71466613736,Ralph Martin,SKU_59,77.646907,12.909852,cylindrical,14.185472984688031,14.185472984688031,10.436879134590084,4854.3937717926665
70,70,"Basement 2064, Siri Iris Building, 24th Main, N.R.T.A Enclave, HSR, Bangalore",HSR,58089927559,Dana Farley,SKU_89,77.586924,12.907441,prism,37.41234034300283,35.346929944622055,10.931492956060513,7227.965305402767
71,71,"809/A, 27th Main, 100 Feet Road, 1st Sector, HSR, Bangalore",HSR,85539430303,Sherry Ludlam,SKU_50,77.5913,12.97912,circular,33.023018589060776,33.023018589060776,33.023018589060776,150847.77763831295
72,72,"Building 2686, 31 Main, 13 Cross, Sector 1, Behind CPWD Quarters, HSR Layout, HSR, Bangalore",HSR,85984892588,Amber Smith,SKU_147,77.6610455,12.978537500000002,cuboidal,10.0,33.0,5.0,1650.0
73,73,"191, Ground Floor, 27th Main Road, Near CPWD Quarters, Beside Lawrance & Mayo, Sector 2, HSR, Bangalore",HSR,53402748741,Juanita Pahulu,SKU_53,77.653561,12.920424,cylindrical,39.32297189779194,39.32297189779194,10.378125907346044,13305.588136952361
74,74,"2633, 27th Main, 13th Cross, 1st Sector, Liss Arcade, HSR, Bangalore",HSR,49002247401,Mary Davis,SKU_13,77.5913,12.97912,circular,35.49383206937819,35.49383206937819,35.49383206937819,187304.09825376727
75,75,"1548, 19th Main, Outer Ring Road, Opposite BMTC Bus Depot, HSR, Bangalore",HSR,29805721561,Carma Haynie,SKU_41,100.401697,13.710234,cuboidal,39.0,37.0,16.0,23088.0
76,76,"2733, 16th Cross, 27th Main Road, Oppsite, NIFT College, 1st Sector, HSR Layout, Bangalore",HSR,84618864102,Daniel Miller,SKU_119,77.60621225,12.93415875,cuboidal,33.0,31.0,14.0,14322.0
77,77,"2610, 27th Main, Near NIFT, HSR Layout, HSR, Bangalore",HSR,50745703670,Christopher Porter,SKU_106,77.651736,12.912432,prism,23.235044905271604,15.552025346197977,10.008136453296263,1808.2300982995612
78,78,"1, 328, 27th Main, 21st Cross, Sector 2, HSR, Bangalore",HSR,89111417547,Larry Herndon,SKU_48,77.653561,12.920424,prism,3.3676195513517984,27.597364239354814,10.024301009784079,465.8163535085518
79,79,"49, Agara Circle, Near Hanuman Statue, HSR Layout, HSR, Bangalore",HSR,56766768595,Elaine Watson,SKU_19,77.389095,13.094759,cylindrical,26.319380024193297,26.319380024193297,16.95516161878632,23770.011691679963
80,80,"Opposite NIFT College, 2733, 16th Cross, 27th Main Road, PWD Quarters, 1st Sector, HSR Layout, HSR, Bangalore",HSR,85469796479,Theodore Bunch,SKU_38,77.60621225,12.93415875,circular,22.09718648360965,22.09718648360965,22.09718648360965,45195.95335450197
81,81,"#2733, 16th Cross, 27th Main, Opppsite NIFT College, Sector 1, HSR, Bangalore",HSR,31316164825,Joe Worley,SKU_110,77.616489,12.933144,cylindrical,36.203176230165326,36.203176230165326,15.646889210243724,27845.342367877394
82,82,"Next to Grigliato, Sector 1 , HSR Layout, HSR, Bangalore",HSR,18227945733,Amber Johnson,SKU_55,77.652492,12.91763,cylindrical,25.75988829549186,25.75988829549186,17.758829874212672,25522.460581622006
83,83,"2606, Ground Floor, The Ambience Building, 16th Cross, 27th Main, Sector 1, HSR, Bangalore",HSR,94402524628,Howard Roman,SKU_85,77.624358,12.938238,prism,16.99184557332938,16.588006681178577,12.825942798951138,1807.565556188612
84,84,"2802, 27th Main Road, Sector 1, HSR, Bangalore",HSR,46205581478,Benjamin Smith,SKU_103,77.652492,12.91763,cuboidal,23.0,7.0,18.0,2898.0
85,85,"1562, Sector 1, HSR, Bangalore",HSR,22921695090,Charles Trembley,SKU_2,77.614718125,12.9347985,cuboidal,32.0,7.0,11.0,2464.0
86,86,"2738, 27th Main, Sector 1, HSR, Bangalore",HSR,91311238475,Marissa Coram,SKU_28,77.652492,12.91763,circular,35.54765418429244,35.54765418429244,35.54765418429244,188157.46318631037
87,87,"646, 12th Cross, 27th Main, Sector 1, HSR, Bangalore",HSR,89040589151,Iva Bell,SKU_20,77.614718125,12.9347985,cylindrical,25.965591752929413,25.965591752929413,11.975786111129759,11699.19982738044
88,88,"647, Ground Floor, 27th Main Road, Sector 1, HSR, Bangalore",HSR,96874607527,Frances Chai,SKU_110,77.614718125,12.9347985,cylindrical,34.46125114834958,34.46125114834958,3.410652741210198,1259.3774731548267
89,89,"191, First Floor, 27th Main, Sector 2, HSR, Bangalore",HSR,17354068059,Clarence Fuller,SKU_69,77.653561,12.920424,circular,3.95909813286119,3.95909813286119,3.95909813286119,259.94257041718816
90,90,"2317, 27th Main, Sector 1, Opposite NIFT College, HSR Layout, HSR, Bangalore",HSR,76687493477,Marvin Buck,SKU_73,77.652492,12.91763,cuboidal,16.0,3.0,19.0,912.0
91,91,"2628, 27th Main Road, 1st Sector, HSR Layout, Bangalore, HSR, Bangalore",HSR,50915970151,Milton Wilson,SKU_77,77.638862,12.911623,prism,39.643343872074404,30.739802201651194,19.953431458440996,12157.910615275956
92,92,"1554, Ground Floor, 19th Main, Sector - 1, HSR, Bangalore",HSR,19365687734,Angela Hindman,SKU_34,77.614718125,12.9347985,cuboidal,32.0,19.0,4.0,2432.0
93,93,"780, 12th Cross, 19th Main, HSR, Bangalore",HSR,20687322207,Carol Upchurch,SKU_10,-122.554978,37.962424,circular,37.757926247652605,37.757926247652605,37.757926247652605,225482.58797206546
94,94,"2606, The Ambience, 27th Main Road, 16th cross, HSR Layout",HSR,47082143365,Peggy Hwang,SKU_64,101.743054,3.160336,cuboidal,17.0,35.0,9.0,5355.0
95,95,"331, Ground Floor, 27th Main, 2nd Stage, HSR, Bangalore",HSR,81727476606,William Sherman,SKU_146,-95.428873,29.673333,cylindrical,23.99829105301584,23.99829105301584,6.6759176638452065,3360.0994565108062
96,96,"1548, 3rd Floor,19th Main Road, Sector 1, Agara Village, HSR, Bangalore",HSR,28764133976,Shana Davis,SKU_123,77.639943,12.918452,prism,20.84999104647685,9.752629206756373,13.503936279670977,1372.960269519562
97,97,"Shop 339, 27th Main Road, HSR Layout Sector 2, Bangalore",HSR,66471762239,Jesus Rodriguez,SKU_106,77.651883,12.909949,prism,7.426635839943658,30.49251248324516,11.499947466302352,1302.1205715273234
98,98,"2610, 27th Main, Near NIFT, HSR Layout, HSR, Bangalore",HSR,28074155949,Thelma Howells,SKU_83,77.651736,12.912432,cuboidal,6.0,21.0,7.0,882.0
99,99,"1558, 19th Main, Ring Road, Near Indian Oil Petrol Bunk, Sector 1, HSR, Bangalore",HSR,39213602287,Raymond Huffman,SKU_50,77.558999,12.913499,prism,28.608152894675296,23.041481779539776,15.450671068147692,5092.342130508628
100,100,"712, 6th Cross, 5th Main, Off 80 Feet Road, Indiranagar, Bangalore",Indiranagar,21225161006,Joanna Evetts,SKU_9,77.573363,13.028365,cylindrical,27.07022786158086,27.07022786158086,16.184775521560734,22276.91996695026
101,101,"14, 2nd Floor, Church Street, Bangalore",Indiranagar,15239382796,Virginia Cole,SKU_27,-72.196154,40.96202,cuboidal,27.0,17.0,14.0,6426.0
102,102,"First Floor, 14, Church Street, Bangalore",Indiranagar,99015056791,Normand Ashford,SKU_113,-81.998037,43.095119,prism,23.951544254150384,25.676909263117793,11.392799724474472,3503.2951920075916
103,103,"36, Off MG Road, Church Street, Bangalore",Indiranagar,44759282449,Robert Olsen,SKU_83,1.042662,51.354683,prism,13.503244192010454,34.81015442963347,4.045692459719704,950.8389019524645
104,104,"42, Church Street, Bangalore",Indiranagar,52059909281,Joyce Brothers,SKU_107,-2.733814,51.130992,circular,6.4644427461948055,6.4644427461948055,6.4644427461948055,1131.5712101397107
105,105,"19, Church Street, Bangalore",Indiranagar,73238382715,Raymond Hernandez,SKU_139,-2.733814,51.130992,cuboidal,34.0,20.0,10.0,6800.0
106,106,"33, High Gates Hotel, Church Street, Bangalore",Indiranagar,76893410434,George Garrett,SKU_10,1.042662,51.354683,cuboidal,38.0,14.0,6.0,3192.0
107,107,"2, Church Street, Bangalore",Indiranagar,84366653069,Phyllis Ehlers,SKU_116,-2.733691,51.130979,prism,27.347994905089223,7.4457002656012,17.409532172794265,1772.5077586913937
108,108,"46, Church Street, Bangalore",Indiranagar,41965274833,Ralph Evans,SKU_88,-2.733814,51.130992,prism,32.5241047539465,22.082315050064885,15.301866444373937,5494.957835619274
109,109,"9/3, Prestige Pearl House, Museum Road, Church Street, Bangalore",Indiranagar,40661403008,Shawn Reeves,SKU_23,-81.44966,39.41296,prism,22.80865216552747,10.763479547389483,15.062866512466444,1848.9703370525458
110,110,"1A, Church Street, Bangalore",Indiranagar,59997033261,Lelia Wooten,SKU_114,-2.733691,51.130979,circular,24.764283931017154,24.764283931017154,24.764283931017154,63615.93775069374
111,111,"G-005, City Centre, 28/4, Church Street, Bangalore",Indiranagar,83381832974,Christopher Watters,SKU_106,-114.07,51.05,cuboidal,34.0,27.0,6.0,5508.0
112,112,"22, Amoeba Complex, Church Street, Bangalore",Indiranagar,98170732794,Twyla Nichols,SKU_1,1.042662,51.354683,prism,16.899634634796442,3.4031278164626575,14.225141227981528,409.0554350011868
113,113,Church Street,Indiranagar,69379883919,Joe Lawson,SKU_124,2.181848,41.3835445,cuboidal,30.0,37.0,17.0,18870.0
114,114,"24, Church Street, Bangalore",Indiranagar,70918939146,Mary Reed,SKU_127,-2.733814,51.130992,cylindrical,28.482183757418372,28.482183757418372,19.023355744010278,32381.533779216294
115,115,"765, 1st Floor, 1st Main, Domlur Layout, Domlur, Bangalore",Indiranagar,81721151401,Scott Peabody,SKU_17,77.638036,12.956487,cylindrical,20.817219382090997,20.817219382090997,7.6596497773672665,3836.987791487119
116,116,"8/ 9, 17th F Cross, 2nd Stage, Indiranagar, Bengaluru",Indiranagar,29925333677,Terry Mitchell,SKU_81,77.640467,12.973291,cuboidal,6.0,17.0,15.0,1530.0
117,117,"Next to CMH Metro Station, CMH Road, Indiranagar, Bangalore",Indiranagar,46767096463,Thomas Viviano,SKU_146,77.640467,12.973291,circular,27.29299846307857,27.29299846307857,27.29299846307857,85161.31552141525
118,118,"Ground Floor, Sri Shiva Sai Complex, 13th Cross, 7th Main, 2nd Stage, HAL, Off Double Road, Indiranagar, Bangalore",Indiranagar,92941598133,Joseph Boyd,SKU_129,77.684315,12.930007,cuboidal,39.0,8.0,17.0,5304.0
119,119,"Domlur, Bangalore",Indiranagar,86841663173,George Douglas,SKU_17,77.638196,12.962467,circular,27.50163866847747,27.50163866847747,27.50163866847747,87129.32000540852
120,120,"46, Church Street, Bangalore",Indiranagar,24472334890,Marjorie Williamson,SKU_91,-2.733814,51.130992,cuboidal,6.0,23.0,3.0,414.0
121,121,"Shop 6, First Floor, Binnamangala First Stage, Indiranagar, Bangalore",Indiranagar,26105795180,Roger Bouldin,SKU_18,77.641498,12.965584,cuboidal,24.0,5.0,9.0,1080.0
122,122,"970, 12th Main, 5th Cross, Indiranagar, Bangalore",Indiranagar,94667742985,Daniel Marrin,SKU_113,77.627307,12.928917,circular,38.075024689407044,38.075024689407044,38.075024689407044,231211.37166394538
123,123,"1088, 12th Main, HAL 2nd Stage, Off 100 Feet Road, Indiranagar, Bangalore",Indiranagar,38434272738,Trudy Moore,SKU_123,77.685528,12.913218,circular,37.81077722991929,37.81077722991929,37.81077722991929,226430.75958541164
124,124,"181, 3rd Floor, Amar Jyothi Layout, Inner Ring Road, Domlur, Bangalore",Indiranagar,53198547414,Kathleen Thompson,SKU_110,77.638196,12.962467,circular,13.224597384629382,13.224597384629382,13.224597384629382,9688.041410400605
125,125,"544, First Floor, Near Indiranagar Metro Station, CMH Road, Indiranagar, Bangalore",Indiranagar,38200322788,Michael Frasier,SKU_45,77.638634,12.978266,prism,37.2348344514871,33.088780251769315,15.069684174372345,9283.341788180576
126,126,"212/A, 1st Main Road, Stage 2, Indiranagar, Bangalore",Indiranagar,47003637195,Marshall Parham,SKU_131,77.599264,12.914268,cuboidal,35.0,26.0,11.0,10010.0
127,127,"598, 1st floor, 1st Cross, 1st A Main Road, Domlur Layout, Domlur, Bangalore",Indiranagar,89741372672,Sandra Downes,SKU_118,77.638036,12.956487,cylindrical,37.533285091698964,37.533285091698964,4.317369359569314,2197.8844697405634
128,128,"598, 1st floor, 1st Cross, 1st A Main Road, Domlur Layout, 1st Stage, Domlur, Bangalore",Indiranagar,85725180680,Stanley Davis,SKU_72,77.638196,12.962467,cuboidal,38.0,30.0,3.0,3420.0
129,129,"197/A, Double Road, 2nd Stage, Opposite HDFC Bank, Indiranagar, Bangalore",Indiranagar,70899793952,Gary Simmons,SKU_121,77.660319,13.003738,cylindrical,33.425005920060414,33.425005920060414,5.661079621717587,3365.2698289586224
130,130,"G-005, City Centre, 28/4, Church Street, Bangalore",Indiranagar,61422999142,Aldo Edsall,SKU_45,-114.07,51.05,cuboidal,24.0,18.0,18.0,7776.0
131,131,"4, 39/1, St Mary's Building, 2nd Stage, Indiranagar, Bangalore",Indiranagar,55525210263,Mary Perez,SKU_55,77.637342,12.978708,circular,25.26760411910427,25.26760411910427,25.26760411910427,67574.18262112324
132,132,"212/A, 1st Main Road, Stage 2, Indiranagar, Bangalore",Indiranagar,13337031353,Lawerence Lindsay,SKU_75,77.599264,12.914268,circular,12.775424733251777,12.775424733251777,12.775424733251777,8734.02945573343
133,133,"48, Triumph Towers, Church Street, Bangalore",Indiranagar,73796529420,Jesse Suarez,SKU_98,6.962649000000001,50.9330665,circular,23.409125476356962,23.409125476356962,23.409125476356962,53733.38222033681
134,134,"Srinivasan Towers, ESI Hospital Road, Off Double Road, Indiranagar, Bangalore",Indiranagar,55217454663,Joseph Jones,SKU_142,77.636019,12.971823,prism,11.432491906585788,9.410634326170694,16.822636308522696,904.9484927374211
135,135,"Number 4 St Mary's Building, 39/1, 2nd Stage, Indiranagar, Bangalore",Indiranagar,38653109135,Samuel Sampley,SKU_148,77.640467,12.973291,cuboidal,10.0,23.0,6.0,1380.0
136,136,"949, Ground Floor, HAL 2nd Stage, 12th Main, 100 feet Road, Indiranagar, Bangalore",Indiranagar,77604849495,Patricia Johnston,SKU_20,77.638228,12.968638,cuboidal,12.0,12.0,17.0,2448.0
137,137,"50/1, Haridevpur, Shantala Nagar, Ashok Nagar, Church Street, Bangalore",Indiranagar,75568022308,Pam Trela,SKU_90,77.599704,12.976115,prism,4.119006661176962,3.0631247005650892,7.440843937117096,46.94067948019652
138,138,"1324, Double Road, 2nd Stage, Opposite Cauvery School, Indiranagar, Bangalore",Indiranagar,81655937477,Jose Williams,SKU_115,77.642043,12.967421,circular,8.958321635939624,8.958321635939624,8.958321635939624,3011.4008085071096
139,139,"1083, 12th main, 5th Cross, Indiranagar, Bangalore",Indiranagar,20550226542,Doria Ferguson,SKU_114,77.627307,12.928917,cuboidal,18.0,16.0,3.0,864.0
140,140,"949, 12th Main, Ground Floor, Off 100 Feet Road, Indiranagar, Bangalore",Indiranagar,62399381626,Harvey Tyner,SKU_91,77.625548,12.998803,cuboidal,36.0,17.0,7.0,4284.0
141,141,"2nd Stage, Indiranagar, Bangalore",Indiranagar,91477551055,Thomas Lindquist,SKU_52,77.640467,12.973291,prism,23.788854829726997,34.243118086502925,18.452271446787652,7515.652278296758
142,142,"3217, 13th Cross, Indiranagar, Bangalore",Indiranagar,66146763539,Shirlee Tennant,SKU_10,77.640467,12.973291,cylindrical,12.329189912511886,12.329189912511886,7.700385744138741,2296.727008917148
143,143,"12th Main, HAL 2nd Stage, ESI To Domlur, Service Road, Indiranagar, Bangalore",Indiranagar,84612864961,Shelia West,SKU_80,77.685528,12.913218,cylindrical,11.708838298389086,11.708838298389086,8.837710489600308,2873.050252212188
144,144,"12th Main Road Junction, Double Road, Indiranagar, Bangalore",Indiranagar,75506986031,Anna Bundy,SKU_86,77.640467,12.973291,circular,39.71165934559188,39.71165934559188,39.71165934559188,262326.8307366834
145,145,"4, St Mary's Building, 2nd Stage, Indiranagar, Bangalore",Indiranagar,62280811516,Gertrude Frazier,SKU_70,77.640467,12.973291,cylindrical,25.179460263950965,25.179460263950965,19.021621648850108,28621.43256317742
146,146,"46/1, Cobalt Building, Church Street, Bangalore",Indiranagar,81065467193,Jeffrey Mekee,SKU_69,77.604728,12.984285,cuboidal,28.0,13.0,19.0,6916.0
147,147,"39/7, 5th Cross, 6th Main, Appareddy Palya, Indiranagar, Bangalore",Indiranagar,79226518761,John Dennis,SKU_6,77.640467,12.973291,cylindrical,35.86219558199933,35.86219558199933,8.628553415828362,8388.083236630953
148,148,"949, 12th Main Rd, Appareddipalya, Indiranagar, Bengaluru, Karnataka",Indiranagar,65665446450,Mary Walton,SKU_61,77.636618,12.970855,cylindrical,3.060328884495395,3.060328884495395,4.313860797050282,178.9164315686844
149,149,"598, 1st Floor, 1st Cross, 1st A Main Road, Domlur Layout, 1st Stage, Domlur, Bangalore",Indiranagar,96249705883,Rosa Alvarez,SKU_18,77.638196,12.962467,prism,12.007281280530012,35.6511233083496,17.565938073283156,3759.752479972105
150,150,"2/1 Unit 6, Hoodi Kodigehalli Road, Opposite Crystal Apartment, KR Puram, Bangalore",KR Puram,80856836359,Beverly Coleman,SKU_86,77.511228,13.304219,prism,28.893707143264933,20.54287370206247,9.86555330260068,2927.8978073039707
151,151,"39, Aiyaapanagar Main Road, Near Krishna Community Hall, KR Puram, Bangalore",KR Puram,63269771781,Deanna Castille,SKU_43,75.580094,13.92881,cuboidal,13.0,30.0,11.0,4290.0
152,152,"92, Kodigehalli Main Road, Ayyappa Nagar, KR Puram, Bangalore",KR Puram,81129879069,Virginia Hernandez,SKU_104,77.511228,13.304219,circular,32.657309816410084,32.657309816410084,32.657309816410084,145891.44586134792
153,153,"Devasandra Main Road, Ayyappa Nagar, KR Puram, Bangalore",KR Puram,28529174781,Bryan Warthen,SKU_12,75.580094,13.92881,cylindrical,33.8227706813887,33.8227706813887,15.790196478922931,26493.181929498707
154,154,"92, Ground Floor, Muninanjappa Gardens, Kodigehalli Main Road, KR Puram, Bangalore",KR Puram,62724763094,Jacob Mccroy,SKU_67,77.511228,13.304219,cylindrical,24.660943964468018,24.660943964468018,10.529994067191673,8590.44817348701
155,155,"Coconut Garden Layout, Kodigehalli Main Road, KR Puram, Bangalore",KR Puram,62644046092,Sherry Cole,SKU_69,77.646766,12.906691,prism,10.000202728537372,8.575396095181889,12.769339641210065,547.5218260912981
156,156,"21/28, Radhakrishna Nilaya, Opp SEA Institutions, Ayappa Nagar, KR Puram, Bangalore",KR Puram,17432534499,Verna White,SKU_132,75.580094,13.92881,cuboidal,16.0,37.0,5.0,2960.0
157,157,"2/1 Unit 6, Hoodi Kodigehalli Road, Opposite Crystal Apartment, KR Puram, Bangalore",KR Puram,84273793675,James Horne,SKU_150,77.511228,13.304219,prism,30.19380224821367,21.45386565609776,3.0797363792852344,997.4862334100762
158,158,"7, Anurhh Arcade, Hoodi Road, Kodigehalli Road, KR Puram, Bangalore",KR Puram,60381594139,Marlon Leonard,SKU_91,77.716201,12.991903,circular,10.677071173439138,10.677071173439138,10.677071173439138,5098.530510408985
159,159,"76, Shruthi Layout, Basavanapura Main Road, KR Puram, Bangalore",KR Puram,61354798733,Matthew Bass,SKU_97,77.71331,13.013829,cylindrical,5.452573150864435,5.452573150864435,7.500073383658648,963.5680669210993
160,160,"7, Anurhh Arcade, Hoodi Road, Kodigehalli Road, KR Puram, Bangalore",KR Puram,60559333974,Romelia Phillips,SKU_12,77.716201,12.991903,circular,27.96077533932062,27.96077533932062,27.96077533932062,91566.42097014737
161,161,"Shop 2, Kodigahalli Main Road, KR Puram",KR Puram,89948676925,James Carlen,SKU_73,75.580094,13.92881,prism,9.726848647805541,13.130690246225821,10.201700958377778,651.4818304011853
162,162,"2/1 Unit 6, Hoodi Kodigehalli Road, Opposite Crystal Apartment, KR Puram, Bangalore",KR Puram,44140764186,Abraham Rehkop,SKU_142,77.511228,13.304219,circular,6.3678626283688935,6.3678626283688935,6.3678626283688935,1081.6074429542562
163,163,"44, Kodigehalli to Hoodi Main Road, Mahadevapura Post, KR Puram, Bangalore",KR Puram,34795550625,Diana Gerry,SKU_136,128.168944342317,36.5362364654109,cuboidal,6.0,24.0,19.0,2736.0
164,164,"7, Anurhh Arcade, Hoodi Road, Kodigehalli Road, KR Puram, Bangalore",KR Puram,81037487822,Carl Luskey,SKU_143,77.716201,12.991903,prism,28.107428940781507,20.783280899394295,7.670947227890859,2240.5478751199034
165,165,"2/1 Unit 6, Hoodi Kodigehalli Road, Opposite Crystal Apartment, KR Puram, Bangalore",KR Puram,47626343441,Virginia Hartzler,SKU_36,77.511228,13.304219,prism,19.407060554420035,17.707195439243737,6.450952155551989,1108.4174821598215
166,166,"Shop 2, Kodigahalli Main Road, KR Puram",KR Puram,84014569034,Peggy Heisler,SKU_116,75.580094,13.92881,circular,28.906369624988912,28.906369624988912,28.906369624988912,101174.08010120166
167,167,"7, Anurhh Arcade, Hoodi Road, Kodigehalli Road, KR Puram, Bangalore",KR Puram,15145909184,Tiffany Coker,SKU_70,77.716201,12.991903,cylindrical,28.695980276108575,28.695980276108575,5.147499518331069,2388.7107672010543
168,168,"Near Bank Of India ATM, Ramka Colony, Bilekahalli, Marathahalli, Bangalore",MTH,35496906287,Jessica Blakely,SKU_41,77.700798,12.95394,cylindrical,27.08445525751395,27.08445525751395,8.380441282322622,5975.905937336103
169,169,"Near Bank Of India ATM, Ramka Colony, Bilekahalli, Marathahalli, Bangalore",MTH,47772983315,Larry Solomon,SKU_24,77.700798,12.95394,cylindrical,5.888165008856042,5.888165008856042,18.70134036182324,6469.568470435975
170,170,"595, Ground Floor, Kundalahalli, Varthur Hobli Mahadevpura, Marathahalli, Bangalore",MTH,25842170396,Jon Villanueva,SKU_79,77.687106,12.991452,cylindrical,36.90165275743915,36.90165275743915,17.108727300717458,33933.69082942398
171,171,"20/7, Swamy Legato, Outer Ring Road, Kadubeesanahalli, Marathahalli, Bangalore",MTH,60147650973,Richard Wheeless,SKU_68,77.698416,12.955257,prism,21.685949124910778,32.10349686145217,5.252437984447813,1828.3600051787303
172,172,"20\5, Panathur Junction, Outer Ring Road, Kadubeessanahalli, Marathahalli, Bangalore",MTH,84961010116,John Kessler,SKU_8,77.698416,12.955257,prism,27.469721426622364,13.206018874872996,12.256048978262296,2223.036846135561
173,173,"20/5, 1st Floor, Panathur Junction, Outer Ring Road, Marathahalli, Bangalore",MTH,19783328541,Anthony Torres,SKU_67,77.698416,12.955257,cylindrical,39.48572783210247,39.48572783210247,18.11424235435615,40703.37005244418
174,174,"Ibis Bengaluru, Opposite RMZ Ecospace Business Park, Sarjapur Outer Ring Road, Marathahalli, Bangalore",MTH,22195593543,Robert Michaud,SKU_33,77.625548,12.998803,cuboidal,5.0,16.0,14.0,1120.0
175,175,"10/3, Devarabeesanahali, Outer Ring Road, Opposite Embassy Tech Park, Marathahalli, Bangalore",MTH,86439214657,Lola Lomago,SKU_66,77.617396,13.004262,prism,22.486336993147415,38.345147783231624,9.966584772679507,4296.803570729671
176,176,"Shop 37, 3rd Cross, Outer Ring Road, Kadubisnahalli, Marathahalli, Bangalore",MTH,48712626536,Gary Nelson,SKU_7,77.641498,12.965584,cuboidal,10.0,28.0,17.0,4760.0
177,177,"2nd Floor, All Season Super Market Building, Panathur Road, Kadubeesanahalli, Panathur, Marathahalli, Bangalore",MTH,79263517463,Willie Kirkwood,SKU_127,77.695574,12.936337,cylindrical,21.522151374084086,21.522151374084086,3.0676109782723637,636.2621973888732
178,178,Best Of Bengal,MTH,32519389307,Diane Jones,SKU_91,23.786687,38.008619,circular,13.061656227251705,13.061656227251705,13.061656227251705,9334.334439278638
179,179,"89/1, Tulasi Theater Road, Near SBR Palace, Marathahalli, Bangalore",MTH,98486281871,Terry Sanabria,SKU_150,77.69826,12.956341,cylindrical,16.065425260707457,16.065425260707457,17.739295353999346,15882.352402672022
180,180,"20/5, Narayanswamy Building, Kadubeesanahalli Bridge, Outer Ring Road, Kadubeesanahalli, Marathahalli, Bangalore",MTH,48552195740,Barbara Capehart,SKU_42,77.695574,12.936337,circular,33.16195359704594,33.16195359704594,33.16195359704594,152759.74723641845
181,181,"90/4, Above Sony Centre, Opposite Park Plaza, Outer Ring Road, Marathahalli, Bangalore",MTH,51656603551,Patrick Gilliam,SKU_55,77.698932,12.950214,cuboidal,22.0,19.0,10.0,4180.0
182,182,"Kadubeesanahalli, Near Aricent Technologies, Marathahalli, Bangalore",MTH,19455702296,John Granderson,SKU_140,77.698416,12.955257,prism,9.662435414595071,4.515921444860852,4.673836485264022,101.97095849390723
183,183,"94/2, Panathur Railway Station Road, Opp to JP Morgan (Outer Ring Road), Munnireddy Layout, Panathur, Bangalore",MTH,98312518779,Patricia Haislip,SKU_120,77.704754,12.935146,cylindrical,3.3472075981681426,3.3472075981681426,11.765238183321765,1455.5729256051666
184,184,"89/1, Service Road, Marathahalli, Bangalore",MTH,55026656606,Carolyn Buchan,SKU_139,77.698858,12.952707,cylindrical,12.883869077426585,12.883869077426585,4.1416663299354735,694.2987612933639
185,185,"88, KBR Complex, More Mega Store, Marathahalli, Bangalore",MTH,73406214406,Jane Jones,SKU_148,77.698416,12.955257,circular,12.827163675138024,12.827163675138024,12.827163675138024,8840.575113664956
186,186,"Panathur Main Road, Kadubeesanahalli, Marathahalli, Bangalore",MTH,47015403024,Anita Valdez,SKU_112,77.698416,12.955257,cuboidal,14.0,20.0,4.0,1120.0
187,187,"127, Kadubisannhalli, Panathur Main Road, Marathahalli, Bangalore",MTH,45180804640,Carrie Lumpkin,SKU_77,77.698416,12.955257,prism,5.017217560245016,6.250902597456709,17.24698366876131,270.4511433606139
188,188,"Ground Floor, Vims Hospital Buidling, Opposite to More, Marathahalli, Bangalore",MTH,31203804545,Katie Kochevar,SKU_61,77.699232,12.948343,cylindrical,5.032597346686131,5.032597346686131,14.597081365136871,3368.791360440183
189,189,"77 Town Center, Yemalur Road, Marathahalli Village, Marathahalli, Bangalore",MTH,66199582549,Rose Lau,SKU_79,77.695382,12.955666,prism,6.126091790668749,36.12617817892681,6.316575840698524,698.9679118245468
190,190,"Near Madurai Idly, SGR Dental College Road, CKB Layout, Chandra Layout, Marathahalli, Bengalore",MTH,16213830807,Adam Shelquist,SKU_127,77.703545,12.955167,cylindrical,31.789003220320282,31.789003220320282,8.578739695132587,7349.770249967122
191,191,"Ground Floor, More Megastore, Service Road, Marathahalli, Bangalore",MTH,13002857017,Ivan Kinley,SKU_62,77.698416,12.955257,cylindrical,8.519826226506098,8.519826226506098,14.660067350477588,5752.445868375843
192,192,"88, Outer Ring Road, Next To More Mega Store, Marathahalli, Bangalore",MTH,15691083877,Kevin Schneider,SKU_97,77.698416,12.955257,circular,22.340215523796793,22.340215523796793,22.340215523796793,46703.63516421415
193,193,"88, 1st Floor, VIMS Hospital Building, Outer Ring Road, Marathahalli, Bangalore",MTH,62758300340,Mary Duffy,SKU_90,77.699232,12.948343,circular,18.201070392215343,18.201070392215343,18.201070392215343,25256.862340448326
194,194,"Ikon Building, Next to Sony Centre, Outer Ring Road, Marathahalli",MTH,54016008457,James Allen,SKU_102,-4.0239568,39.8560679,cuboidal,8.0,12.0,14.0,1344.0
195,195,"3, Srinivasa Nilayam, Vidya Vikas School Road, Panathur New Extension, Kaverappa Layout, Marathahalli, Bangalore",MTH,43727711975,Ricky Aschenbrenner,SKU_68,77.697102,12.935,cylindrical,9.938839738376803,9.938839738376803,12.874261231982317,5175.236424118227
196,196,"First Floor, Raja Ikon, Opposite Hotel Radisson Blu, Near Marathahali Bridge, Marathahalli, Bangalore",MTH,24526739732,Marie Harris,SKU_129,77.698351,12.95058,cuboidal,31.0,5.0,13.0,2015.0
197,197,"Shop 217, 2nd main road, Kadubeesanahalli Croma, Back Side road Near Kumbeshwara Temple Marathahalli, Bangalore",MTH,72580152196,Patrick Payne,SKU_90,77.661635,12.993148,cuboidal,10.0,8.0,3.0,240.0
198,198,"88, 3rd Floor, KBR Mall, Above More Mega Store, Outer Ring Road, Marathahalli, Bangalore",MTH,34889886477,Emma Saulsberry,SKU_113,77.698416,12.955257,circular,11.144760064967889,11.144760064967889,11.144760064967889,5798.301290257878
199,199,"Near Madurai Idly, SGR Dental College Road, CKB Layout, Chandra Layout, Marathahalli, Bengalore",MTH,65188908427,Mary Paongo,SKU_48,77.703545,12.955167,cylindrical,37.93978122890588,37.93978122890588,15.47877701267601,28557.355153182056
200,200,"1st Floor, NTR Royal Plaza, Outer Ring Road, Marathahalli, Bangalore",MTH,18924249557,Charles Albrecht,SKU_10,77.698416,12.955257,circular,20.567886482528895,20.567886482528895,20.567886482528895,36446.649426471886
201,201,"20/5, Outer Ring Road, Kadubeesanahalli, Marathahalli, Bangalore",MTH,49862610786,Naomi Daniels,SKU_89,77.698416,12.955257,cuboidal,25.0,31.0,3.0,2325.0
202,202,"Kadubeesanahalli, Marathahalli Outer Ring Road, Opposite JP Morgan, Varthur Hobli, Marathahalli, Bangalore",MTH,56516948976,Robert Clarke,SKU_63,139.6482424,-34.0512606,cylindrical,32.60089400863425,32.60089400863425,6.63460455863904,4508.26532920708
203,203,"Yemalur, Marathahalli, Bangalore",MTH,12358732625,Annie Farrior,SKU_139,77.681521,12.946329,prism,31.104725582830074,8.951050811931287,15.320851611107988,2132.8155933159564
204,204,"20\5, Panathur Junction, Outer Ring Road, Kadubeessanahalli, Marathahalli, Bangalore",MTH,22660986194,Delores Dupont,SKU_149,77.698416,12.955257,cuboidal,8.0,31.0,14.0,3472.0
205,205,"Outer Ring Road, Opposite to JP Morgan, Kodbisanhalli, Marathahalli, Bangalore",MTH,25907907008,Frank Lester,SKU_103,77.698416,12.955257,circular,22.984015654461285,22.984015654461285,22.984015654461285,50858.82655447861
206,206,"Shop 7, 8 Opposite, Airtel Express, Panathur Main Road, Marathahalli, Bangalore",MTH,61450912280,Tommy Mason,SKU_129,77.641498,12.965584,cylindrical,4.815581636607867,4.815581636607867,8.96833179303875,1216.8077202707696
207,207,"Srinivasa Nilayam, Site 3, Vidya Vikas School Road, Panathur New Extension, Kaverappa Layout, Marathahalli, Bangalore",MTH,60841023934,Bobbie Scarborough,SKU_3,77.697102,12.935,prism,12.360693182236746,8.812710626063488,5.776416974357526,314.6160514578337
208,208,"Salarpuria Sattva Aura, Kiosk 6, Foodworks Food Court, Block 11, Marathahalli - Sarjapur Outer Ring Road, Kaverappa Layout, Kadubeesanahalli, Marathahalli, Bangalore",MTH,35828962763,Jesse Vaness,SKU_25,77.696096,12.933815,cuboidal,16.0,31.0,17.0,8432.0
209,209,"23/4, Kariyammana Agrahara Road Kadubisinahalli, Prestige Tech Park Back Gate, Marathahalli, Bangalore",MTH,87093968225,Russell Diamond,SKU_69,77.682347,12.933257,circular,21.885515276922902,21.885515276922902,21.885515276922902,43909.54509923314
210,210,"Plot 302, Shop 1, 2nd Cross, Kadubesanahalli, Panathur Main Road, Marathahalli, Bangalore",MTH,71791751983,Dorothy Davis,SKU_44,77.661635,12.993148,prism,10.381707758530547,17.92206626319058,6.168592601806669,573.8692723240304
211,211,"6,Opposite Prestige Tech Park, Kadubeesanhalli Bus Stop, Marathahalli, Bangalore",MTH,75026092650,Herman Boulds,SKU_100,77.700999,12.956605,cuboidal,37.0,36.0,9.0,11988.0
212,212,"18, Prakruthi Enclave, Panathur Road, Kadubeesanahalli, Marathahalli, Bangalore",MTH,41891691354,Catherine Wilson,SKU_78,77.698416,12.955257,prism,6.557487597496202,35.41771088666525,6.622971681774457,769.0965599019312
213,213,"Shop 217, 2nd Main Road Kadubeesanahalli Croma Back Side Road Near Kumbeshwara Temple Marathahalli, Bangalore",MTH,49695767650,Mary Compton,SKU_53,77.661635,12.993148,cuboidal,28.0,28.0,8.0,6272.0
214,214,"77 Town, Building No 3, Divya Shree Building, Yamalur Post, Marathahalli, Bangalore",MTH,62165843566,Aaron Davis,SKU_5,77.698416,12.955257,circular,7.910905983980519,7.910905983980519,7.910905983980519,2073.8019523591274
215,215,"Near kaka singh dhaba, RMZ eco world backgate",MTH,70987447117,Holly Sallee,SKU_104,69.630198916,24.905177843,cuboidal,25.0,27.0,16.0,10800.0
216,216,"41, Kadubeesanahalli, Marathahalli, Bangalore",MTH,17162566322,Tracy Vanhoy,SKU_87,77.698416,12.955257,cylindrical,8.71561734790344,8.71561734790344,14.398044716282328,5676.165679013629
217,217,"5, KBR Mall Complex, Ground Floor, More Mega Store, Varthur Hobli, Marathahalli, Bangalore",MTH,32184021928,Harry Heishman,SKU_138,77.567459,12.952239,cuboidal,6.0,10.0,5.0,300.0
